{
  "accuracy": 0.5909090909090909,
  "classification_report": {
    "Domácí": {
      "precision": 0.25,
      "recall": 0.14285714285714285,
      "f1-score": 0.18181818181818182,
      "support": 21.0
    },
    "Ekonomika": {
      "precision": 0.0,
      "recall": 0.0,
      "f1-score": 0.0,
      "support": 3.0
    },
    "Hlavní": {
      "precision": 0.0,
      "recall": 0.0,
      "f1-score": 0.0,
      "support": 5.0
    },
    "Monitor": {
      "precision": 0.42424242424242425,
      "recall": 1.0,
      "f1-score": 0.5957446808510638,
      "support": 14.0
    },
    "Other": {
      "precision": 0.25,
      "recall": 0.02631578947368421,
      "f1-score": 0.047619047619047616,
      "support": 38.0
    },
    "Politici voličům": {
      "precision": 0.0,
      "recall": 0.0,
      "f1-score": 0.0,
      "support": 7.0
    },
    "Regiony": {
      "precision": 0.0,
      "recall": 0.0,
      "f1-score": 0.0,
      "support": 3.0
    },
    "Rozhovory": {
      "precision": 0.0,
      "recall": 0.0,
      "f1-score": 0.0,
      "support": 8.0
    },
    "Svět": {
      "precision": 0.0,
      "recall": 0.0,
      "f1-score": 0.0,
      "support": 12.0
    },
    "Tiskové zprávy": {
      "precision": 0.0,
      "recall": 0.0,
      "f1-score": 0.0,
      "support": 3.0
    },
    "Události - Česko": {
      "precision": 0.39285714285714285,
      "recall": 1.0,
      "f1-score": 0.5641025641025641,
      "support": 22.0
    },
    "Uncategorized": {
      "precision": 0.6887966804979253,
      "recall": 0.9595375722543352,
      "f1-score": 0.8019323671497585,
      "support": 173.0
    },
    "Zahraničí": {
      "precision": 0.3333333333333333,
      "recall": 0.125,
      "f1-score": 0.18181818181818182,
      "support": 16.0
    },
    "Zpravodajství": {
      "precision": 0.0,
      "recall": 0.0,
      "f1-score": 0.0,
      "support": 4.0
    },
    "Zprávy - Domácí": {
      "precision": 0.0,
      "recall": 0.0,
      "f1-score": 0.0,
      "support": 9.0
    },
    "Zprávy - Zahraničí": {
      "precision": 0.0,
      "recall": 0.0,
      "f1-score": 0.0,
      "support": 14.0
    },
    "accuracy": 0.5909090909090909,
    "macro avg": {
      "precision": 0.1462018488081766,
      "recall": 0.20335690653657262,
      "f1-score": 0.14831468895992486,
      "support": 352.0
    },
    "weighted avg": {
      "precision": 0.43700968790262923,
      "recall": 0.5909090909090909,
      "f1-score": 0.4773345965791933,
      "support": 352.0
    }
  },
  "class_names": [
    "Domácí",
    "Ekonomika",
    "Hlavní",
    "Monitor",
    "Other",
    "Politici voličům",
    "Regiony",
    "Rozhovory",
    "Svět",
    "Tiskové zprávy",
    "Události - Česko",
    "Uncategorized",
    "Zahraničí",
    "Zpravodajství",
    "Zprávy - Domácí",
    "Zprávy - Zahraničí"
  ],
  "confusion_matrix": [
    [
      3,
      0,
      0,
      0,
      0,
      0,
      0,
      0,
      0,
      0,
      0,
      18,
      0,
      0,
      0,
      0
    ],
    [
      0,
      0,
      0,
      0,
      0,
      0,
      0,
      0,
      0,
      0,
      0,
      3,
      0,
      0,
      0,
      0
    ],
    [
      0,
      0,
      0,
      0,
      3,
      0,
      0,
      0,
      0,
      0,
      0,
      2,
      0,
      0,
      0,
      0
    ],
    [
      0,
      0,
      0,
      14,
      0,
      0,
      0,
      0,
      0,
      0,
      0,
      0,
      0,
      0,
      0,
      0
    ],
    [
      3,
      0,
      0,
      1,
      1,
      0,
      0,
      0,
      0,
      0,
      11,
      21,
      1,
      0,
      0,
      0
    ],
    [
      0,
      0,
      0,
      7,
      0,
      0,
      0,
      0,
      0,
      0,
      0,
      0,
      0,
      0,
      0,
      0
    ],
    [
      1,
      0,
      0,
      0,
      0,
      0,
      0,
      0,
      0,
      0,
      0,
      2,
      0,
      0,
      0,
      0
    ],
    [
      0,
      0,
      0,
      8,
      0,
      0,
      0,
      0,
      0,
      0,
      0,
      0,
      0,
      0,
      0,
      0
    ],
    [
      0,
      0,
      0,
      0,
      0,
      0,
      0,
      0,
      0,
      0,
      0,
      11,
      1,
      0,
      0,
      0
    ],
    [
      0,
      0,
      0,
      3,
      0,
      0,
      0,
      0,
      0,
      0,
      0,
      0,
      0,
      0,
      0,
      0
    ],
    [
      0,
      0,
      0,
      0,
      0,
      0,
      0,
      0,
      0,
      0,
      22,
      0,
      0,
      0,
      0,
      0
    ],
    [
      5,
      0,
      0,
      0,
      0,
      0,
      0,
      0,
      0,
      0,
      0,
      166,
      2,
      0,
      0,
      0
    ],
    [
      0,
      0,
      0,
      0,
      0,
      0,
      0,
      0,
      0,
      0,
      0,
      14,
      2,
      0,
      0,
      0
    ],
    [
      0,
      0,
      0,
      0,
      0,
      0,
      0,
      0,
      0,
      0,
      0,
      4,
      0,
      0,
      0,
      0
    ],
    [
      0,
      0,
      0,
      0,
      0,
      0,
      0,
      0,
      0,
      0,
      9,
      0,
      0,
      0,
      0,
      0
    ],
    [
      0,
      0,
      0,
      0,
      0,
      0,
      0,
      0,
      0,
      0,
      14,
      0,
      0,
      0,
      0,
      0
    ]
  ]
}