{
  "accuracy": 0.6988636363636364,
  "classification_report": {
    "Domácí": {
      "precision": 0.6363636363636364,
      "recall": 0.3333333333333333,
      "f1-score": 0.4375,
      "support": 21.0
    },
    "Ekonomika": {
      "precision": 0.0,
      "recall": 0.0,
      "f1-score": 0.0,
      "support": 3.0
    },
    "Hlavní": {
      "precision": 0.6,
      "recall": 0.6,
      "f1-score": 0.6,
      "support": 5.0
    },
    "Monitor": {
      "precision": 0.6428571428571429,
      "recall": 0.6428571428571429,
      "f1-score": 0.6428571428571429,
      "support": 14.0
    },
    "Other": {
      "precision": 0.5,
      "recall": 0.3157894736842105,
      "f1-score": 0.3870967741935484,
      "support": 38.0
    },
    "Politici voličům": {
      "precision": 0.7,
      "recall": 1.0,
      "f1-score": 0.8235294117647058,
      "support": 7.0
    },
    "Regiony": {
      "precision": 0.0,
      "recall": 0.0,
      "f1-score": 0.0,
      "support": 3.0
    },
    "Rozhovory": {
      "precision": 0.5714285714285714,
      "recall": 0.5,
      "f1-score": 0.5333333333333333,
      "support": 8.0
    },
    "Svět": {
      "precision": 0.0,
      "recall": 0.0,
      "f1-score": 0.0,
      "support": 12.0
    },
    "Tiskové zprávy": {
      "precision": 1.0,
      "recall": 0.6666666666666666,
      "f1-score": 0.8,
      "support": 3.0
    },
    "Události - Česko": {
      "precision": 1.0,
      "recall": 1.0,
      "f1-score": 1.0,
      "support": 22.0
    },
    "Uncategorized": {
      "precision": 0.7477477477477478,
      "recall": 0.9595375722543352,
      "f1-score": 0.8405063291139241,
      "support": 173.0
    },
    "Zahraničí": {
      "precision": 0.4166666666666667,
      "recall": 0.3125,
      "f1-score": 0.35714285714285715,
      "support": 16.0
    },
    "Zpravodajství": {
      "precision": 0.0,
      "recall": 0.0,
      "f1-score": 0.0,
      "support": 4.0
    },
    "Zprávy - Domácí": {
      "precision": 0.3333333333333333,
      "recall": 0.2222222222222222,
      "f1-score": 0.26666666666666666,
      "support": 9.0
    },
    "Zprávy - Zahraničí": {
      "precision": 0.5,
      "recall": 0.5,
      "f1-score": 0.5,
      "support": 14.0
    },
    "accuracy": 0.6988636363636364,
    "macro avg": {
      "precision": 0.47802481864981866,
      "recall": 0.44080665068861946,
      "f1-score": 0.4492895321920111,
      "support": 352.0
    },
    "weighted avg": {
      "precision": 0.6388127612559432,
      "recall": 0.6988636363636364,
      "f1-score": 0.6558250869868438,
      "support": 352.0
    }
  },
  "class_names": [
    "Domácí",
    "Ekonomika",
    "Hlavní",
    "Monitor",
    "Other",
    "Politici voličům",
    "Regiony",
    "Rozhovory",
    "Svět",
    "Tiskové zprávy",
    "Události - Česko",
    "Uncategorized",
    "Zahraničí",
    "Zpravodajství",
    "Zprávy - Domácí",
    "Zprávy - Zahraničí"
  ],
  "confusion_matrix": [
    [
      7,
      0,
      0,
      0,
      0,
      0,
      0,
      0,
      1,
      0,
      0,
      13,
      0,
      0,
      0,
      0
    ],
    [
      0,
      0,
      0,
      0,
      0,
      0,
      0,
      0,
      0,
      0,
      0,
      3,
      0,
      0,
      0,
      0
    ],
    [
      0,
      0,
      3,
      0,
      2,
      0,
      0,
      0,
      0,
      0,
      0,
      0,
      0,
      0,
      0,
      0
    ],
    [
      0,
      0,
      0,
      9,
      0,
      3,
      0,
      2,
      0,
      0,
      0,
      0,
      0,
      0,
      0,
      0
    ],
    [
      1,
      0,
      2,
      1,
      12,
      0,
      0,
      0,
      0,
      0,
      0,
      16,
      0,
      0,
      2,
      4
    ],
    [
      0,
      0,
      0,
      0,
      0,
      7,
      0,
      0,
      0,
      0,
      0,
      0,
      0,
      0,
      0,
      0
    ],
    [
      0,
      0,
      0,
      0,
      0,
      0,
      0,
      0,
      0,
      0,
      0,
      3,
      0,
      0,
      0,
      0
    ],
    [
      0,
      0,
      0,
      4,
      0,
      0,
      0,
      4,
      0,
      0,
      0,
      0,
      0,
      0,
      0,
      0
    ],
    [
      1,
      0,
      0,
      0,
      1,
      0,
      0,
      0,
      0,
      0,
      0,
      9,
      1,
      0,
      0,
      0
    ],
    [
      0,
      0,
      0,
      0,
      0,
      0,
      0,
      1,
      0,
      2,
      0,
      0,
      0,
      0,
      0,
      0
    ],
    [
      0,
      0,
      0,
      0,
      0,
      0,
      0,
      0,
      0,
      0,
      22,
      0,
      0,
      0,
      0,
      0
    ],
    [
      2,
      0,
      0,
      0,
      0,
      0,
      0,
      0,
      0,
      0,
      0,
      166,
      5,
      0,
      0,
      0
    ],
    [
      0,
      0,
      0,
      0,
      0,
      0,
      0,
      0,
      2,
      0,
      0,
      9,
      5,
      0,
      0,
      0
    ],
    [
      0,
      0,
      0,
      0,
      0,
      0,
      0,
      0,
      0,
      0,
      0,
      3,
      1,
      0,
      0,
      0
    ],
    [
      0,
      0,
      0,
      0,
      4,
      0,
      0,
      0,
      0,
      0,
      0,
      0,
      0,
      0,
      2,
      3
    ],
    [
      0,
      0,
      0,
      0,
      5,
      0,
      0,
      0,
      0,
      0,
      0,
      0,
      0,
      0,
      2,
      7
    ]
  ]
}