{
  "accuracy": 0.6676136363636364,
  "f1_score": 0.5893273501834456,
  "classification_report": {
    "Domácí": {
      "precision": 0.75,
      "recall": 0.2857142857142857,
      "f1-score": 0.41379310344827586,
      "support": 21.0
    },
    "Ekonomika": {
      "precision": 0.0,
      "recall": 0.0,
      "f1-score": 0.0,
      "support": 3.0
    },
    "Hlavní": {
      "precision": 0.0,
      "recall": 0.0,
      "f1-score": 0.0,
      "support": 5.0
    },
    "Monitor": {
      "precision": 0.5384615384615384,
      "recall": 1.0,
      "f1-score": 0.7,
      "support": 14.0
    },
    "Other": {
      "precision": 0.3157894736842105,
      "recall": 0.3157894736842105,
      "f1-score": 0.3157894736842105,
      "support": 38.0
    },
    "Politici voličům": {
      "precision": 0.8333333333333334,
      "recall": 0.7142857142857143,
      "f1-score": 0.7692307692307693,
      "support": 7.0
    },
    "Regiony": {
      "precision": 0.0,
      "recall": 0.0,
      "f1-score": 0.0,
      "support": 3.0
    },
    "Rozhovory": {
      "precision": 1.0,
      "recall": 0.125,
      "f1-score": 0.2222222222222222,
      "support": 8.0
    },
    "Svět": {
      "precision": 0.0,
      "recall": 0.0,
      "f1-score": 0.0,
      "support": 12.0
    },
    "Tiskové zprávy": {
      "precision": 0.0,
      "recall": 0.0,
      "f1-score": 0.0,
      "support": 3.0
    },
    "Události - Česko": {
      "precision": 1.0,
      "recall": 1.0,
      "f1-score": 1.0,
      "support": 22.0
    },
    "Uncategorized": {
      "precision": 0.7037037037037037,
      "recall": 0.9884393063583815,
      "f1-score": 0.8221153846153846,
      "support": 173.0
    },
    "Zahraničí": {
      "precision": 0.5714285714285714,
      "recall": 0.25,
      "f1-score": 0.34782608695652173,
      "support": 16.0
    },
    "Zpravodajství": {
      "precision": 0.0,
      "recall": 0.0,
      "f1-score": 0.0,
      "support": 4.0
    },
    "Zprávy - Domácí": {
      "precision": 0.0,
      "recall": 0.0,
      "f1-score": 0.0,
      "support": 9.0
    },
    "Zprávy - Zahraničí": {
      "precision": 0.0,
      "recall": 0.0,
      "f1-score": 0.0,
      "support": 14.0
    },
    "accuracy": 0.6676136363636364,
    "macro avg": {
      "precision": 0.35704478878820983,
      "recall": 0.292451798752662,
      "f1-score": 0.2869360650098365,
      "support": 352.0
    },
    "weighted avg": {
      "precision": 0.5738789566914567,
      "recall": 0.6676136363636364,
      "f1-score": 0.5893273501834456,
      "support": 352.0
    }
  },
  "class_names": [
    "Domácí",
    "Ekonomika",
    "Hlavní",
    "Monitor",
    "Other",
    "Politici voličům",
    "Regiony",
    "Rozhovory",
    "Svět",
    "Tiskové zprávy",
    "Události - Česko",
    "Uncategorized",
    "Zahraničí",
    "Zpravodajství",
    "Zprávy - Domácí",
    "Zprávy - Zahraničí"
  ],
  "confusion_matrix": [
    [
      6,
      0,
      0,
      0,
      0,
      0,
      0,
      0,
      0,
      0,
      0,
      14,
      1,
      0,
      0,
      0
    ],
    [
      0,
      0,
      0,
      0,
      0,
      0,
      0,
      0,
      0,
      0,
      0,
      3,
      0,
      0,
      0,
      0
    ],
    [
      0,
      0,
      0,
      0,
      3,
      0,
      0,
      0,
      0,
      0,
      0,
      2,
      0,
      0,
      0,
      0
    ],
    [
      0,
      0,
      0,
      14,
      0,
      0,
      0,
      0,
      0,
      0,
      0,
      0,
      0,
      0,
      0,
      0
    ],
    [
      1,
      0,
      0,
      1,
      12,
      0,
      0,
      0,
      0,
      0,
      0,
      24,
      0,
      0,
      0,
      0
    ],
    [
      0,
      0,
      0,
      2,
      0,
      5,
      0,
      0,
      0,
      0,
      0,
      0,
      0,
      0,
      0,
      0
    ],
    [
      0,
      0,
      0,
      0,
      0,
      0,
      0,
      0,
      0,
      0,
      0,
      3,
      0,
      0,
      0,
      0
    ],
    [
      0,
      0,
      0,
      7,
      0,
      0,
      0,
      1,
      0,
      0,
      0,
      0,
      0,
      0,
      0,
      0
    ],
    [
      0,
      0,
      0,
      0,
      0,
      0,
      0,
      0,
      0,
      0,
      0,
      11,
      1,
      0,
      0,
      0
    ],
    [
      0,
      0,
      0,
      2,
      0,
      1,
      0,
      0,
      0,
      0,
      0,
      0,
      0,
      0,
      0,
      0
    ],
    [
      0,
      0,
      0,
      0,
      0,
      0,
      0,
      0,
      0,
      0,
      22,
      0,
      0,
      0,
      0,
      0
    ],
    [
      1,
      0,
      0,
      0,
      0,
      0,
      0,
      0,
      0,
      0,
      0,
      171,
      1,
      0,
      0,
      0
    ],
    [
      0,
      0,
      0,
      0,
      0,
      0,
      0,
      0,
      1,
      0,
      0,
      11,
      4,
      0,
      0,
      0
    ],
    [
      0,
      0,
      0,
      0,
      0,
      0,
      0,
      0,
      0,
      0,
      0,
      4,
      0,
      0,
      0,
      0
    ],
    [
      0,
      0,
      0,
      0,
      9,
      0,
      0,
      0,
      0,
      0,
      0,
      0,
      0,
      0,
      0,
      0
    ],
    [
      0,
      0,
      0,
      0,
      14,
      0,
      0,
      0,
      0,
      0,
      0,
      0,
      0,
      0,
      0,
      0
    ]
  ]
}