{
  "accuracy": 0.7777777910232544,
  "loss": 0.6713593602180481,
  "confusion_matrix": [
    [
      2,
      31,
      0
    ],
    [
      0,
      200,
      1
    ],
    [
      2,
      24,
      1
    ]
  ],
  "classification_report": {
    "negative": {
      "precision": 0.5,
      "recall": 0.06060606060606061,
      "f1-score": 0.10810810810810811,
      "support": 33.0
    },
    "neutral": {
      "precision": 0.7843137254901961,
      "recall": 0.9950248756218906,
      "f1-score": 0.8771929824561403,
      "support": 201.0
    },
    "positive": {
      "precision": 0.5,
      "recall": 0.037037037037037035,
      "f1-score": 0.06896551724137931,
      "support": 27.0
    },
    "accuracy": 0.7777777777777778,
    "macro avg": {
      "precision": 0.5947712418300654,
      "recall": 0.36422265775499607,
      "f1-score": 0.3514222026018759,
      "support": 261.0
    },
    "weighted avg": {
      "precision": 0.7189542483660131,
      "recall": 0.7777777777777778,
      "f1-score": 0.6963426283784253,
      "support": 261.0
    }
  },
  "training_history": {
    "accuracy": [
      0.7243035435676575,
      0.7723342776298523,
      0.8097983002662659,
      0.8549471497535706
    ],
    "val_accuracy": [
      0.7662835121154785,
      0.7777777910232544,
      0.7088122367858887,
      0.7011494040489197
    ],
    "loss": [
      0.7638201713562012,
      0.6254184246063232,
      0.4414680302143097,
      0.29138436913490295
    ],
    "val_loss": [
      0.6279871463775635,
      0.6713593602180481,
      0.6955696940422058,
      0.8229132294654846
    ]
  }
}