{
  "accuracy": 0.7701149582862854,
  "loss": 0.7793777585029602,
  "confusion_matrix": [
    [
      0,
      33,
      0
    ],
    [
      0,
      201,
      0
    ],
    [
      0,
      27,
      0
    ]
  ],
  "classification_report": {
    "negative": {
      "precision": 0.0,
      "recall": 0.0,
      "f1-score": 0.0,
      "support": 33.0
    },
    "neutral": {
      "precision": 0.7701149425287356,
      "recall": 1.0,
      "f1-score": 0.8701298701298701,
      "support": 201.0
    },
    "positive": {
      "precision": 0.0,
      "recall": 0.0,
      "f1-score": 0.0,
      "support": 27.0
    },
    "accuracy": 0.7701149425287356,
    "macro avg": {
      "precision": 0.2567049808429119,
      "recall": 0.3333333333333333,
      "f1-score": 0.29004329004329005,
      "support": 261.0
    },
    "weighted avg": {
      "precision": 0.5930770247060377,
      "recall": 0.7701149425287356,
      "f1-score": 0.6701000149276011,
      "support": 261.0
    }
  },
  "training_history": {
    "accuracy": [
      0.7483189105987549,
      0.7723342776298523,
      0.8261287212371826,
      0.8309317827224731,
      0.8280499577522278
    ],
    "val_accuracy": [
      0.7701149582862854,
      0.7241379022598267,
      0.7624521255493164,
      0.7547892928123474,
      0.7547892928123474
    ],
    "loss": [
      0.7624655961990356,
      0.6730143427848816,
      0.5518608093261719,
      0.500084400177002,
      0.38798898458480835
    ],
    "val_loss": [
      0.7793777585029602,
      0.6897259950637817,
      0.7016584277153015,
      0.7231804132461548,
      0.7892355918884277
    ]
  }
}