{
  "accuracy": 0.8333333333333334,
  "classification_report": {
    "negative": {
      "precision": 0.0,
      "recall": 0.0,
      "f1-score": 0.0,
      "support": 5.0
    },
    "neutral": {
      "precision": 0.8333333333333334,
      "recall": 1.0,
      "f1-score": 0.9090909090909091,
      "support": 50.0
    },
    "positive": {
      "precision": 0.0,
      "recall": 0.0,
      "f1-score": 0.0,
      "support": 5.0
    },
    "accuracy": 0.8333333333333334,
    "macro avg": {
      "precision": 0.2777777777777778,
      "recall": 0.3333333333333333,
      "f1-score": 0.30303030303030304,
      "support": 60.0
    },
    "weighted avg": {
      "precision": 0.6944444444444445,
      "recall": 0.8333333333333334,
      "f1-score": 0.7575757575757576,
      "support": 60.0
    }
  },
  "class_distribution": [
    25,
    252,
    23
  ],
  "confusion_matrix": [
    [
      0,
      5,
      0
    ],
    [
      0,
      50,
      0
    ],
    [
      0,
      5,
      0
    ]
  ]
}