{
  "accuracy": 0.8380681818181818,
  "classification_report": {
    "negative": {
      "precision": 0.0,
      "recall": 0.0,
      "f1-score": 0.0,
      "support": 29.0
    },
    "neutral": {
      "precision": 0.8070175438596491,
      "recall": 0.9913793103448276,
      "f1-score": 0.8897485493230174,
      "support": 232.0
    },
    "positive": {
      "precision": 0.9701492537313433,
      "recall": 0.7142857142857143,
      "f1-score": 0.8227848101265823,
      "support": 91.0
    },
    "accuracy": 0.8380681818181818,
    "macro avg": {
      "precision": 0.5923889325303308,
      "recall": 0.5685550082101806,
      "f1-score": 0.5708444531498665,
      "support": 352.0
    },
    "weighted avg": {
      "precision": 0.7827035575709966,
      "recall": 0.8380681818181818,
      "f1-score": 0.7991337533081222,
      "support": 352.0
    }
  },
  "class_distribution": [
    143,
    1159,
    457
  ],
  "confusion_matrix": [
    [
      0,
      29,
      0
    ],
    [
      0,
      230,
      2
    ],
    [
      0,
      26,
      65
    ]
  ]
}