{
  "accuracy": 0.8267045454545454,
  "classification_report": {
    "negative": {
      "precision": 0.16666666666666666,
      "recall": 0.034482758620689655,
      "f1-score": 0.05714285714285714,
      "support": 29.0
    },
    "neutral": {
      "precision": 0.8086642599277978,
      "recall": 0.9655172413793104,
      "f1-score": 0.8801571709233792,
      "support": 232.0
    },
    "positive": {
      "precision": 0.9565217391304348,
      "recall": 0.7252747252747253,
      "f1-score": 0.825,
      "support": 91.0
    },
    "accuracy": 0.8267045454545454,
    "macro avg": {
      "precision": 0.6439508885749664,
      "recall": 0.5750915750915752,
      "f1-score": 0.5874333426887454,
      "support": 352.0
    },
    "weighted avg": {
      "precision": 0.7939969315268524,
      "recall": 0.8267045454545454,
      "f1-score": 0.7980926321345648,
      "support": 352.0
    }
  },
  "class_distribution": [
    143,
    1159,
    457
  ],
  "confusion_matrix": [
    [
      1,
      28,
      0
    ],
    [
      5,
      224,
      3
    ],
    [
      0,
      25,
      66
    ]
  ]
}